20230706;1;0;139.99
20230706;1;0;-726.85
20230706;1;0;155.14
20230706;1;0;268.08
20230706;1;0;-684.4
20230706;1;0;151.15
20230706;1;0;268.08
20230706;1;0;-751.74
20230706;1;0;133.47
20230706;1;0;268.08
20230706;1;0;-738.81
20230706;1;0;120.2
20230706;1;0;128.09
20230706;2;0;122.86
20230706;2;0;-681.42
20230706;2;0;152.15
20230706;2;0;268.44
20230706;2;0;-705.68
20230706;2;0;115.27
20230706;2;0;268.44
20230706;2;0;-640.25
20230706;2;0;112.0
20230706;2;0;268.44
20230706;2;0;-640.25
20230706;2;0;112.0
20230706;2;0;145.58
20230706;3;0;120.56
20230706;3;0;-749.24
20230706;3;0;250.26
20230706;3;0;-654.16
20230706;3;0;240.23
20230706;3;0;-681.23
20230706;3;0;237.56
20230706;3;0;-764.52
20230706;3;0;115.87
20230706;4;0;152.4
20230706;4;0;-684.77
20230706;4;0;153.15
20230706;4;0;297.98
20230706;4;0;-640.83
20230706;4;0;152.15
20230706;4;0;297.98
20230706;4;0;-684.93
20230706;4;0;152.15
20230706;4;0;297.98
20230706;4;0;-640.67
20230706;4;0;152.15
20230706;4;0;145.58
20230706;5;0;137.71
20230706;5;0;-470.22
20230706;5;0;120.91
20230706;5;0;277.29
20230706;5;0;-468.98
20230706;5;0;124.63
20230706;5;0;277.29
20230706;5;0;-470.1
20230706;5;0;151.15
20230706;5;0;277.29
20230706;5;0;-469.1
20230706;5;0;154.15
20230706;5;0;139.58
20230706;6;0;142.26
20230706;6;0;142.05
20230706;6;0;126.87
20230706;6;0;284.52
20230706;6;0;142.05
20230706;6;0;134.87
20230706;6;0;284.52
20230706;6;0;142.47
20230706;6;0;152.15
20230706;6;0;284.51
20230706;6;0;142.47
20230706;6;0;155.14
20230706;6;0;142.26
20230706;7;0;136.44
20230706;7;0;136.44
20230706;7;0;273.43
20230706;7;0;136.44
20230706;7;0;273.43
20230706;7;0;136.44
20230706;7;0;273.43
20230706;7;0;136.44
20230706;7;0;134.78
20230706;8;0;128.05
20230706;8;0;128.05
20230706;8;0;129.55
20230706;8;0;256.1
20230706;8;0;128.05
20230706;8;0;127.56
20230706;8;0;256.1
20230706;8;0;128.05
20230706;8;0;127.55
20230706;8;0;256.1
20230706;8;0;128.05
20230706;8;0;127.54
20230706;8;0;128.05
20230706;10;0;143.21
20230706;10;0;24.63
20230706;10;0;175.0
20230706;10;0;313.21
20230706;10;0;24.63
20230706;10;0;170.71
20230706;10;0;313.2
20230706;10;0;39.6
20230706;10;0;152.15
20230706;10;0;313.2
20230706;10;0;39.6
20230706;10;0;74.96
20230706;10;0;170.0
20230706;11;0;92.0
20230706;11;0;-571.13
20230706;11;0;92.0
20230706;11;0;247.0
20230706;11;0;-502.77
20230706;11;0;92.0
20230706;11;0;247.0
20230706;11;0;-500.92
20230706;11;0;92.0
20230706;11;0;247.0
20230706;11;0;-530.53
20230706;11;0;92.0
20230706;11;0;155.0
20230706;12;0;88.78
20230706;12;0;84.8
20230706;12;0;98.08
20230706;12;0;243.78
20230706;12;0;65.48
20230706;12;0;94.66
20230706;12;0;243.78
20230706;12;0;102.42
20230706;12;0;81.19
20230706;12;0;243.78
20230706;12;0;102.42
20230706;12;0;81.19
20230706;12;0;155.0
20230706;13;0;81.47
20230706;13;0;62.0
20230706;13;0;82.6
20230706;13;0;236.47
20230706;13;0;62.0
20230706;13;0;81.38
20230706;13;0;236.47
20230706;13;0;62.0
20230706;13;0;81.38
20230706;13;0;236.47
20230706;13;0;62.0
20230706;13;0;80.52
20230706;13;0;155.0
20230706;14;0;88.84
20230706;14;0;-485.91
20230706;14;0;95.34
20230706;14;0;243.84
20230706;14;0;-458.04
20230706;14;0;86.68
20230706;14;0;243.84
20230706;14;0;-388.75
20230706;14;0;86.67
20230706;14;0;243.84
20230706;14;0;-374.05
20230706;14;0;86.67
20230706;14;0;155.0
20230706;15;0;85.0
20230706;15;0;-535.55
20230706;15;0;85.02
20230706;15;0;200.08
20230706;15;0;-587.45
20230706;15;0;85.02
20230706;15;0;200.08
20230706;15;0;-447.8
20230706;15;0;85.02
20230706;15;0;200.08
20230706;15;0;-391.9
20230706;15;0;84.94
20230706;15;0;115.08
20230706;16;0;91.38
20230706;16;0;80.55
20230706;16;0;93.43
20230706;16;0;188.67
20230706;16;0;80.55
20230706;16;0;92.77
20230706;16;0;188.67
20230706;16;0;102.21
20230706;16;0;89.66
20230706;16;0;188.67
20230706;16;0;102.21
20230706;16;0;89.66
20230706;16;0;97.29
20230706;17;0;98.93
20230706;17;0;98.93
20230706;17;0;98.93
20230706;17;0;200.87
20230706;17;0;98.93
20230706;17;0;98.93
20230706;17;0;200.87
20230706;17;0;98.93
20230706;17;0;98.93
20230706;17;0;200.87
20230706;17;0;98.93
20230706;17;0;98.93
20230706;17;0;101.94
20230706;18;0;86.1
20230706;18;0;104.43
20230706;18;0;41.8
20230706;18;0;196.1
20230706;18;0;115.58
20230706;18;0;75.25
20230706;18;0;196.1
20230706;18;0;108.78
20230706;18;0;110.01
20230706;18;0;196.1
20230706;18;0;111.22
20230706;18;0;117.34
20230706;18;0;110.0
20230706;19;0;94.2
20230706;19;0;118.06
20230706;19;0;62.37
20230706;19;0;214.0
20230706;19;0;121.54
20230706;19;0;72.81
20230706;19;0;214.0
20230706;19;0;119.8
20230706;19;0;120.81
20230706;19;0;214.0
20230706;19;0;119.8
20230706;19;0;120.81
20230706;19;0;119.8
20230706;20;0;130.68
20230706;20;0;130.68
20230706;20;0;129.27
20230706;20;0;261.36
20230706;20;0;130.68
20230706;20;0;131.15
20230706;20;0;261.36
20230706;20;0;130.68
20230706;20;0;131.15
20230706;20;0;261.36
20230706;20;0;130.68
20230706;20;0;131.15
20230706;20;0;130.68
20230706;21;0;131.83
20230706;21;0;131.83
20230706;21;0;118.11
20230706;21;0;263.66
20230706;21;0;131.83
20230706;21;0;133.83
20230706;21;0;263.66
20230706;21;0;131.83
20230706;21;0;137.69
20230706;21;0;263.66
20230706;21;0;131.83
20230706;21;0;137.69
20230706;21;0;131.83
20230706;22;0;133.8
20230706;22;0;125.54
20230706;22;0;132.74
20230706;22;0;267.6
20230706;22;0;125.53
20230706;22;0;132.74
20230706;22;0;267.59
20230706;22;0;142.06
20230706;22;0;134.85
20230706;22;0;267.6
20230706;22;0;142.06
20230706;22;0;134.85
20230706;22;0;133.8
20230706;23;0;122.37
20230706;23;0;126.74
20230706;23;0;108.87
20230706;23;0;244.74
20230706;23;0;126.74
20230706;23;0;126.87
20230706;23;0;244.74
20230706;23;0;118.0
20230706;23;0;126.87
20230706;23;0;244.74
20230706;23;0;118.0
20230706;23;0;126.87
20230706;23;0;122.37
20230707;0;0;119.0
20230707;0;0;136.33
20230707;0;0;151.15
20230707;0;0;259.42
20230707;0;0;111.82
20230707;0;0;151.15
20230707;0;0;226.74
20230707;0;0;127.18
20230707;0;0;104.57
20230707;0;0;244.69
20230707;0;0;100.67
20230707;0;0;69.13
20230707;0;0;102.16
20230707;1;0;140.8
20230707;1;0;92.17
20230707;1;0;155.14
20230707;1;0;232.49
20230707;1;0;91.22
20230707;1;0;152.29
20230707;1;0;232.49
20230707;1;0;99.44
20230707;1;0;151.15
20230707;1;0;232.49
20230707;1;0;83.93
20230707;1;0;104.61
20230707;1;0;91.69
20230707;2;0;120.82
20230707;2;0;98.55
20230707;2;0;137.81
20230707;2;0;210.73
20230707;2;0;91.45
20230707;2;0;116.49
20230707;2;0;210.73
20230707;2;0;88.21
20230707;2;0;114.49
20230707;2;0;210.73
20230707;2;0;81.43
20230707;2;0;114.49
20230707;2;0;89.91
20230707;3;0;127.49
20230707;3;0;59.48
20230707;3;0;137.81
20230707;3;0;215.39
20230707;3;0;59.48
20230707;3;0;133.53
20230707;3;0;215.39
20230707;3;0;59.48
20230707;3;0;122.12
20230707;3;0;215.39
20230707;3;0;59.48
20230707;3;0;116.49
20230707;3;0;87.9
20230707;4;0;114.82
20230707;4;0;249.65
20230707;4;0;114.82
20230707;4;0;202.14
20230707;4;0;249.65
20230707;4;0;114.51
20230707;4;0;200.8
20230707;4;0;-74.39
20230707;4;0;113.17
20230707;4;0;202.33
20230707;4;0;-74.39
20230707;4;0;114.7
20230707;4;0;87.63
20230707;5;0;84.6
20230707;5;0;89.47
20230707;5;0;84.6
20230707;5;0;200.01
20230707;5;0;98.13
20230707;5;0;110.57
20230707;5;0;205.01
20230707;5;0;82.06
20230707;5;0;115.57
20230707;5;0;240.59
20230707;5;0;88.1
20230707;5;0;151.15
20230707;5;0;89.44
20230707;6;0;120.0
20230707;6;0;84.38
20230707;6;0;76.0
20230707;6;0;213.2
20230707;6;0;100.82
20230707;6;0;122.95
20230707;6;0;213.2
20230707;6;0;89.94
20230707;6;0;128.95
20230707;6;0;213.2
20230707;6;0;97.66
20230707;6;0;152.1
20230707;6;0;93.2
20230707;7;0;131.25
20230707;7;0;97.9
20230707;7;0;141.67
20230707;7;0;229.15
20230707;7;0;97.9
20230707;7;0;151.72
20230707;7;0;229.15
20230707;7;0;97.9
20230707;7;0;148.0
20230707;7;0;229.15
20230707;7;0;97.9
20230707;7;0;83.6
20230707;7;0;97.9
20230707;8;0;98.0
20230707;8;0;99.33
20230707;8;0;122.55
20230707;8;0;196.0
20230707;8;0;98.67
20230707;8;0;120.55
20230707;8;0;196.0
20230707;8;0;99.22
20230707;8;0;81.1
20230707;8;0;196.0
20230707;8;0;94.78
20230707;8;0;67.8
20230707;8;0;98.0
20230707;9;0;110.49
20230707;9;0;95.0
20230707;9;0;105.0
20230707;9;0;201.17
20230707;9;0;95.0
20230707;9;0;105.0
20230707;9;0;201.17
20230707;9;0;89.24
20230707;9;0;105.0
20230707;9;0;201.17
20230707;9;0;83.48
20230707;9;0;105.0
20230707;9;0;90.68
20230707;10;0;92.0
20230707;10;0;-481.48
20230707;10;0;95.86
20230707;10;0;184.0
20230707;10;0;-22.7
20230707;10;0;95.86
20230707;10;0;184.0
20230707;10;0;438.67
20230707;10;0;95.86
20230707;10;0;184.0
20230707;10;0;433.51
20230707;10;0;80.42
20230707;10;0;92.0
20230707;11;0;84.9
20230707;11;0;84.4
20230707;11;0;84.95
20230707;11;0;169.3
20230707;11;0;84.4
20230707;11;0;84.95
20230707;11;0;169.3
20230707;11;0;84.77
20230707;11;0;84.95
20230707;11;0;169.3
20230707;11;0;84.03
20230707;11;0;82.75
20230707;11;0;84.4
20230707;12;0;82.8
20230707;12;0;80.04
20230707;12;0;88.44
20230707;12;0;162.42
20230707;12;0;79.2
20230707;12;0;85.9
20230707;12;0;162.42
20230707;12;0;80.56
20230707;12;0;81.26
20230707;12;0;162.42
20230707;12;0;78.68
20230707;12;0;75.6
20230707;12;0;79.62
20230707;13;0;122.61
20230707;13;0;84.0
20230707;13;0;157.18
20230707;13;0;206.61
20230707;13;0;84.0
20230707;13;0;157.18
20230707;13;0;206.61
20230707;13;0;88.35
20230707;13;0;101.08
20230707;13;0;206.61
20230707;13;0;79.65
20230707;13;0;75.0
20230707;13;0;84.0
20230707;14;0;80.0
20230707;14;0;80.0
20230707;14;0;96.91
20230707;14;0;167.39
20230707;14;0;80.0
20230707;14;0;96.91
20230707;14;0;167.39
20230707;14;0;91.03
20230707;14;0;96.19
20230707;14;0;167.39
20230707;14;0;68.97
20230707;14;0;30.0
20230707;14;0;87.39
20230707;15;0;67.33
20230707;15;0;53.16
20230707;15;0;68.03
20230707;15;0;157.56
20230707;15;0;52.54
20230707;15;0;66.17
20230707;15;0;157.56
20230707;15;0;52.85
20230707;15;0;38.59
20230707;15;0;157.56
20230707;15;0;52.85
20230707;15;0;38.59
20230707;15;0;90.23
20230707;16;0;40.5
20230707;16;0;53.7
20230707;16;0;80.09
20230707;16;0;117.5
20230707;16;0;53.7
20230707;16;0;80.09
20230707;16;0;117.5
20230707;16;0;12.59
20230707;16;0;-43.23
20230707;16;0;117.5
20230707;16;0;42.02
20230707;16;0;45.05
20230707;16;0;77.0
20230707;17;0;60.0
20230707;17;0;332.83
20230707;17;0;121.71
20230707;17;0;384.82
20230707;17;0;119.43
20230707;17;0;142.19
20230707;17;0;119.43
20230707;17;0;97.46
20230707;17;0;59.43
20230707;18;0;80.03
20230707;18;0;165.08
20230707;18;0;54.43
20230707;18;0;249.89
20230707;18;0;174.64
20230707;18;0;83.13
20230707;18;0;249.89
20230707;18;0;169.55
20230707;18;0;90.35
20230707;18;0;249.89
20230707;18;0;170.17
20230707;18;0;92.21
20230707;18;0;169.86
20230707;19;0;41.0
20230707;19;0;151.95
20230707;19;0;15.38
20230707;19;0;200.72
20230707;19;0;199.35
20230707;19;0;45.43
20230707;19;0;200.72
20230707;19;0;142.63
20230707;19;0;48.43
20230707;19;0;200.72
20230707;19;0;144.96
20230707;19;0;54.76
20230707;19;0;159.72
20230707;20;0;107.0
20230707;20;0;107.0
20230707;20;0;100.15
20230707;20;0;214.0
20230707;20;0;107.0
20230707;20;0;100.15
20230707;20;0;214.0
20230707;20;0;107.0
20230707;20;0;108.53
20230707;20;0;214.0
20230707;20;0;107.0
20230707;20;0;119.17
20230707;20;0;107.0
20230707;21;0;124.47
20230707;21;0;128.94
20230707;21;0;124.57
20230707;21;0;248.94
20230707;21;0;128.94
20230707;21;0;124.47
20230707;21;0;248.94
20230707;21;0;120.0
20230707;21;0;124.47
20230707;21;0;248.94
20230707;21;0;120.0
20230707;21;0;124.37
20230707;21;0;124.47
20230707;22;0;133.93
20230707;22;0;133.93
20230707;22;0;133.93
20230707;22;0;267.86
20230707;22;0;133.93
20230707;22;0;133.93
20230707;22;0;267.86
20230707;22;0;133.93
20230707;22;0;133.93
20230707;22;0;267.86
20230707;22;0;133.93
20230707;22;0;133.93
20230707;22;0;133.93
20230707;23;0;118.57
20230707;23;0;91.12
20230707;23;0;118.59
20230707;23;0;237.15
20230707;23;0;108.32
20230707;23;0;118.58
20230707;23;0;237.14
20230707;23;0;133.46
20230707;23;0;118.56
20230707;23;0;237.14
20230707;23;0;141.39
20230707;23;0;118.56
20230707;23;0;118.57
20230708;0;0;110.96
20230708;0;0;95.0
20230708;0;0;114.64
20230708;0;0;205.96
20230708;0;0;95.0
20230708;0;0;113.09
20230708;0;0;205.96
20230708;0;0;95.0
20230708;0;0;109.03
20230708;0;0;205.96
20230708;0;0;95.0
20230708;0;0;107.08
20230708;0;0;95.0
20230708;1;0;99.38
20230708;1;0;66.28
20230708;1;0;100.72
20230708;1;0;178.38
20230708;1;0;78.14
20230708;1;0;100.72
20230708;1;0;178.38
20230708;1;0;84.39
20230708;1;0;98.05
20230708;1;0;178.37
20230708;1;0;87.19
20230708;1;0;98.02
20230708;1;0;79.0
20230708;2;0;108.44
20230708;2;0;25.56
20230708;2;0;111.77
20230708;2;0;237.52
20230708;2;0;25.56
20230708;2;0;111.47
20230708;2;0;237.51
20230708;2;0;25.56
20230708;2;0;110.77
20230708;2;0;237.51
20230708;2;0;25.56
20230708;2;0;99.73
20230708;2;0;129.08
20230708;3;0;114.03
20230708;3;0;-305.47
20230708;3;0;112.07
20230708;3;0;251.82
20230708;3;0;-305.47
20230708;3;0;116.0
20230708;3;0;251.82
20230708;3;0;-343.83
20230708;3;0;116.0
20230708;3;0;251.81
20230708;3;0;-343.83
20230708;3;0;112.07
20230708;3;0;137.78
20230708;4;0;133.65
20230708;4;0;75.32
20230708;4;0;123.78
20230708;4;0;213.65
20230708;4;0;84.68
20230708;4;0;123.88
20230708;4;0;213.65
20230708;4;0;84.67
20230708;4;0;143.47
20230708;4;0;213.65
20230708;4;0;75.33
20230708;4;0;143.47
20230708;4;0;80.0
20230708;5;0;134.32
20230708;5;0;-288.65
20230708;5;0;126.0
20230708;5;0;258.72
20230708;5;0;-288.65
20230708;5;0;135.74
20230708;5;0;258.72
20230708;5;0;-281.6
20230708;5;0;137.77
20230708;5;0;258.72
20230708;5;0;-281.6
20230708;5;0;137.77
20230708;5;0;124.4
20230708;6;0;107.23
20230708;6;0;0.0
20230708;6;0;108.13
20230708;6;0;220.58
20230708;6;0;0.0
20230708;6;0;106.93
20230708;6;0;220.58
20230708;6;0;0.0
20230708;6;0;106.93
20230708;6;0;220.58
20230708;6;0;0.0
20230708;6;0;106.93
20230708;6;0;113.35
20230708;7;0;110.36
20230708;7;0;-1375.48
20230708;7;0;111.47
20230708;7;0;237.58
20230708;7;0;-1383.52
20230708;7;0;111.47
20230708;7;0;237.58
20230708;7;0;-2144.67
20230708;7;0;110.83
20230708;7;0;237.58
20230708;7;0;-2899.38
20230708;7;0;107.67
20230708;7;0;127.22
20230708;8;0;94.07
20230708;8;0;60.0
20230708;8;0;151.57
20230708;8;0;216.35
20230708;8;0;60.0
20230708;8;0;112.07
20230708;8;0;216.35
20230708;8;0;60.0
20230708;8;0;87.8
20230708;8;0;216.35
20230708;8;0;60.0
20230708;8;0;24.84
20230708;8;0;122.28
20230708;9;0;104.95
20230708;9;0;-39.08
20230708;9;0;155.55
20230708;9;0;225.57
20230708;9;0;-39.88
20230708;9;0;153.15
20230708;9;0;225.57
20230708;9;0;153.12
20230708;9;0;55.61
20230708;9;0;225.57
20230708;9;0;345.66
20230708;9;0;55.5
20230708;9;0;120.62
20230708;10;0;117.8
20230708;10;0;-154.55
20230708;10;0;128.21
20230708;10;0;235.6
20230708;10;0;-133.85
20230708;10;0;128.21
20230708;10;0;235.6
20230708;10;0;380.1
20230708;10;0;108.27
20230708;10;0;235.6
20230708;10;0;379.51
20230708;10;0;106.52
20230708;10;0;117.8
20230708;11;0;90.02
20230708;11;0;90.02
20230708;11;0;90.92
20230708;11;0;181.05
20230708;11;0;90.02
20230708;11;0;90.92
20230708;11;0;181.04
20230708;11;0;90.02
20230708;11;0;89.11
20230708;11;0;181.04
20230708;11;0;90.02
20230708;11;0;89.11
20230708;11;0;91.03
20230708;12;0;90.0
20230708;12;0;-676.07
20230708;12;0;82.49
20230708;12;0;180.0
20230708;12;0;-70.8
20230708;12;0;85.5
20230708;12;0;180.0
20230708;12;0;544.75
20230708;12;0;90.43
20230708;12;0;180.0
20230708;12;0;562.12
20230708;12;0;101.58
20230708;12;0;90.0
20230708;13;0;81.71
20230708;13;0;81.71
20230708;13;0;82.06
20230708;13;0;232.01
20230708;13;0;81.71
20230708;13;0;82.06
20230708;13;0;232.01
20230708;13;0;81.81
20230708;13;0;81.65
20230708;13;0;232.01
20230708;13;0;81.61
20230708;13;0;81.07
20230708;13;0;150.3
20230708;14;0;81.28
20230708;14;0;110.01
20230708;14;0;90.43
20230708;14;0;246.28
20230708;14;0;52.55
20230708;14;0;90.43
20230708;14;0;246.28
20230708;14;0;55.31
20230708;14;0;80.39
20230708;14;0;246.28
20230708;14;0;107.25
20230708;14;0;63.87
20230708;14;0;165.0
20230708;15;0;68.83
20230708;15;0;-6.81
20230708;15;0;0.01
20230708;15;0;198.72
20230708;15;0;-3.32
20230708;15;0;0.01
20230708;15;0;198.72
20230708;15;0;3.45
20230708;15;0;0.01
20230708;15;0;198.72
20230708;15;0;6.72
20230708;15;0;0.01
20230708;15;0;129.89
20230708;17;0;71.0
20230708;17;0;-397.71
20230708;17;0;53.4
20230708;17;0;182.49
20230708;17;0;11.22
20230708;17;0;61.23
20230708;17;0;182.49
20230708;17;0;416.47
20230708;17;0;85.4
20230708;17;0;182.49
20230708;17;0;415.99
20230708;17;0;83.97
20230708;17;0;111.49
20230708;18;0;80.55
20230708;18;0;-11.03
20230708;18;0;55.91
20230708;18;0;250.55
20230708;18;0;30.61
20230708;18;0;81.47
20230708;18;0;250.55
20230708;18;0;238.5
20230708;18;0;88.02
20230708;18;0;250.55
20230708;18;0;421.93
20230708;18;0;96.8
20230708;18;0;170.0
20230708;19;0;79.0
20230708;19;0;177.0
20230708;19;0;0.02
20230708;19;0;249.0
20230708;19;0;177.0
20230708;19;0;94.02
20230708;19;0;249.0
20230708;19;0;163.0
20230708;19;0;109.98
20230708;19;0;249.0
20230708;19;0;163.0
20230708;19;0;111.98
20230708;19;0;170.0
20230708;20;0;94.58
20230708;20;0;592.95
20230708;20;0;28.68
20230708;20;0;269.58
20230708;20;0;-212.22
20230708;20;0;70.88
20230708;20;0;269.58
20230708;20;0;-269.88
20230708;20;0;130.76
20230708;20;0;269.58
20230708;20;0;589.16
20230708;20;0;148.0
20230708;20;0;175.0
20230708;21;0;113.11
20230708;21;0;96.63
20230708;21;0;30.0
20230708;21;0;290.11
20230708;21;0;129.59
20230708;21;0;128.87
20230708;21;0;290.11
20230708;21;0;110.34
20230708;21;0;138.47
20230708;21;0;290.11
20230708;21;0;115.88
20230708;21;0;155.1
20230708;21;0;177.0
20230708;22;0;119.7
20230708;22;0;119.7
20230708;22;0;143.43
20230708;22;0;239.4
20230708;22;0;119.7
20230708;22;0;137.81
20230708;22;0;239.4
20230708;22;0;119.7
20230708;22;0;136.79
20230708;22;0;239.4
20230708;22;0;119.7
20230708;22;0;60.77
20230708;22;0;119.7
20230708;23;0;100.29
20230708;23;0;100.29
20230708;23;0;128.34
20230708;23;0;278.29
20230708;23;0;100.29
20230708;23;0;127.05
20230708;23;0;278.29
20230708;23;0;100.29
20230708;23;0;70.77
20230708;23;0;278.28
20230708;23;0;100.29
20230708;23;0;74.99
20230708;23;0;178.0
20230709;0;0;114.45
20230709;0;0;50.0
20230709;0;0;143.43
20230709;0;0;284.45
20230709;0;0;50.0
20230709;0;0;121.46
20230709;0;0;284.45
20230709;0;0;50.0
20230709;0;0;96.46
20230709;0;0;284.45
20230709;0;0;50.0
20230709;0;0;96.46
20230709;0;0;170.0
20230709;1;0;96.08
20230709;1;0;96.08
20230709;1;0;116.75
20230709;1;0;265.08
20230709;1;0;96.08
20230709;1;0;111.76
20230709;1;0;265.08
20230709;1;0;96.08
20230709;1;0;72.91
20230709;1;0;265.08
20230709;1;0;96.08
20230709;1;0;82.9
20230709;1;0;169.0
20230709;2;0;89.51
20230709;2;0;89.51
20230709;2;0;84.24
20230709;2;0;258.51
20230709;2;0;89.51
20230709;2;0;84.9
20230709;2;0;258.51
20230709;2;0;89.51
20230709;2;0;89.4
20230709;2;0;258.51
20230709;2;0;89.51
20230709;2;0;99.5
20230709;2;0;169.0
20230709;4;0;106.07
20230709;4;0;77.0
20230709;4;0;212.21
20230709;4;0;77.0
20230709;4;0;212.21
20230709;4;0;77.0
20230709;4;0;212.06
20230709;4;0;77.0
20230709;4;0;105.99
20230709;5;0;102.95
20230709;5;0;88.44
20230709;5;0;102.32
20230709;5;0;239.99
20230709;5;0;88.72
20230709;5;0;103.16
20230709;5;0;239.99
20230709;5;0;88.58
20230709;5;0;103.16
20230709;5;0;239.99
20230709;5;0;88.58
20230709;5;0;103.16
20230709;5;0;137.04
20230709;7;0;97.01
20230709;7;0;97.01
20230709;7;0;97.05
20230709;7;0;228.87
20230709;7;0;97.0
20230709;7;0;97.0
20230709;7;0;228.87
20230709;7;0;97.01
20230709;7;0;97.0
20230709;7;0;228.87
20230709;7;0;97.01
20230709;7;0;96.99
20230709;7;0;131.86
20230709;8;0;85.98
20230709;8;0;-864.81
20230709;8;0;135.67
20230709;8;0;227.28
20230709;8;0;-1193.24
20230709;8;0;94.71
20230709;8;0;227.28
20230709;8;0;-1322.37
20230709;8;0;94.02
20230709;8;0;227.28
20230709;8;0;-1180.78
20230709;8;0;19.52
20230709;8;0;141.3
20230709;9;0;66.62
20230709;9;0;68.78
20230709;9;0;100.0
20230709;9;0;235.62
20230709;9;0;64.46
20230709;9;0;87.03
20230709;9;0;235.62
20230709;9;0;65.38
20230709;9;0;36.0
20230709;9;0;235.63
20230709;9;0;67.87
20230709;9;0;43.46
20230709;9;0;169.0
20230709;10;0;59.98
20230709;10;0;59.98
20230709;10;0;60.0
20230709;10;0;119.96
20230709;10;0;59.98
20230709;10;0;60.0
20230709;10;0;119.96
20230709;10;0;59.99
20230709;10;0;60.0
20230709;10;0;119.96
20230709;10;0;59.97
20230709;10;0;59.92
20230709;10;0;59.98
20230709;11;0;54.86
20230709;11;0;57.95
20230709;11;0;18.56
20230709;11;0;109.72
20230709;11;0;51.77
20230709;11;0;0.02
20230709;11;0;109.72
20230709;11;0;52.99
20230709;11;0;94.82
20230709;11;0;109.72
20230709;11;0;56.73
20230709;11;0;106.04
20230709;11;0;54.86
20230709;12;0;54.86
20230709;12;0;50.49
20230709;12;0;53.31
20230709;12;0;184.86
20230709;12;0;48.86
20230709;12;0;48.46
20230709;12;0;184.86
20230709;12;0;49.67
20230709;12;0;48.46
20230709;12;0;184.86
20230709;12;0;49.67
20230709;12;0;48.46
20230709;12;0;130.0
20230709;13;0;55.17
20230709;13;0;5.25
20230709;13;0;1.44
20230709;13;0;60.42
20230709;13;0;5.25
20230709;13;0;0.02
20230709;13;0;60.42
20230709;13;0;5.25
20230709;13;0;85.69
20230709;13;0;60.42
20230709;13;0;5.25
20230709;13;0;133.53
20230709;13;0;5.25
20230709;14;0;81.99
20230709;14;0;81.99
20230709;14;0;94.32
20230709;14;0;211.99
20230709;14;0;81.99
20230709;14;0;94.32
20230709;14;0;211.99
20230709;14;0;90.21
20230709;14;0;94.32
20230709;14;0;211.98
20230709;14;0;73.77
20230709;14;0;44.99
20230709;14;0;130.0
20230709;15;0;55.28
20230709;15;0;55.28
20230709;15;0;55.3
20230709;15;0;110.56
20230709;15;0;55.28
20230709;15;0;55.3
20230709;15;0;110.56
20230709;15;0;55.29
20230709;15;0;55.3
20230709;15;0;110.56
20230709;15;0;55.27
20230709;15;0;55.22
20230709;15;0;55.28
20230709;16;0;72.86
20230709;16;0;640.75
20230709;16;0;72.86
20230709;16;0;202.86
20230709;16;0;153.52
20230709;16;0;72.86
20230709;16;0;202.86
20230709;16;0;-251.41
20230709;16;0;72.86
20230709;16;0;202.86
20230709;16;0;-251.41
20230709;16;0;72.86
20230709;16;0;130.0
20230709;17;0;98.63
20230709;17;0;10.38
20230709;17;0;77.4
20230709;17;0;197.63
20230709;17;0;10.38
20230709;17;0;80.07
20230709;17;0;197.63
20230709;17;0;187.62
20230709;17;0;89.04
20230709;17;0;197.62
20230709;17;0;187.62
20230709;17;0;148.0
20230709;17;0;99.0
20230709;18;0;115.14
20230709;18;0;114.59
20230709;18;0;85.71
20230709;18;0;230.28
20230709;18;0;115.69
20230709;18;0;89.04
20230709;18;0;230.28
20230709;18;0;113.44
20230709;18;0;137.81
20230709;18;0;230.28
20230709;18;0;116.84
20230709;18;0;148.0
20230709;18;0;115.14
20230709;19;0;83.72
20230709;19;0;126.2
20230709;19;0;10.0
20230709;19;0;223.72
20230709;19;0;153.8
20230709;19;0;92.79
20230709;19;0;223.72
20230709;19;0;129.22
20230709;19;0;83.69
20230709;19;0;223.72
20230709;19;0;150.78
20230709;19;0;148.4
20230709;19;0;140.0
20230709;20;0;111.32
20230709;20;0;95.18
20230709;20;0;26.65
20230709;20;0;222.64
20230709;20;0;127.46
20230709;20;0;123.49
20230709;20;0;222.64
20230709;20;0;106.59
20230709;20;0;133.37
20230709;20;0;222.64
20230709;20;0;116.05
20230709;20;0;161.75
20230709;20;0;111.32
20230709;21;0;147.54
20230709;21;0;143.09
20230709;21;0;128.89
20230709;21;0;295.08
20230709;21;0;151.99
20230709;21;0;155.61
20230709;21;0;295.08
20230709;21;0;149.31
20230709;21;0;158.15
20230709;21;0;295.08
20230709;21;0;145.77
20230709;21;0;147.51
20230709;21;0;147.54
20230709;22;0;145.55
20230709;22;0;145.21
20230709;22;0;156.55
20230709;22;0;290.76
20230709;22;0;145.21
20230709;22;0;156.55
20230709;22;0;290.76
20230709;22;0;152.54
20230709;22;0;156.55
20230709;22;0;290.76
20230709;22;0;137.88
20230709;22;0;112.55
20230709;22;0;145.21
20230709;23;0;126.43
20230709;23;0;128.8
20230709;23;0;158.15
20230709;23;0;253.74
20230709;23;0;126.9
20230709;23;0;158.15
20230709;23;0;253.74
20230709;23;0;136.93
20230709;23;0;130.49
20230709;23;0;253.74
20230709;23;0;113.07
20230709;23;0;58.91
20230709;23;0;127.31
20230710;0;0;130.2
20230710;0;0;131.56
20230710;0;0;156.56
20230710;0;0;280.19
20230710;0;0;128.84
20230710;0;0;148.43
20230710;0;0;280.2
20230710;0;0;132.17
20230710;0;0;113.81
20230710;0;0;280.2
20230710;0;0;128.23
20230710;0;0;101.99
20230710;0;0;150.0
20230710;1;0;109.0
20230710;1;0;115.97
20230710;1;0;148.43
20230710;1;0;259.0
20230710;1;0;102.03
20230710;1;0;106.6
20230710;1;0;259.0
20230710;1;0;114.36
20230710;1;0;106.58
20230710;1;0;259.0
20230710;1;0;103.64
20230710;1;0;74.39
20230710;1;0;150.0
20230710;2;0;95.64
20230710;2;0;95.41
20230710;2;0;94.29
20230710;2;0;245.64
20230710;2;0;95.87
20230710;2;0;95.67
20230710;2;0;245.64
20230710;2;0;95.64
20230710;2;0;96.3
20230710;2;0;245.64
20230710;2;0;95.64
20230710;2;0;96.3
20230710;2;0;150.0
20230710;3;0;91.93
20230710;3;0;91.93
20230710;3;0;91.93
20230710;3;0;241.93
20230710;3;0;91.93
20230710;3;0;91.93
20230710;3;0;241.93
20230710;3;0;91.93
20230710;3;0;91.93
20230710;3;0;241.93
20230710;3;0;91.93
20230710;3;0;91.93
20230710;3;0;150.0
20230710;4;0;93.31
20230710;4;0;93.31
20230710;4;0;93.3
20230710;4;0;211.14
20230710;4;0;93.31
20230710;4;0;93.3
20230710;4;0;211.14
20230710;4;0;93.31
20230710;4;0;93.31
20230710;4;0;211.14
20230710;4;0;93.31
20230710;4;0;93.33
20230710;4;0;117.83
20230710;5;0;101.0
20230710;5;0;100.71
20230710;5;0;99.03
20230710;5;0;251.0
20230710;5;0;101.29
20230710;5;0;100.8
20230710;5;0;251.0
20230710;5;0;100.81
20230710;5;0;101.5
20230710;5;0;251.0
20230710;5;0;101.19
20230710;5;0;102.67
20230710;5;0;150.0
20230710;6;0;113.35
20230710;6;0;113.3
20230710;6;0;100.99
20230710;6;0;263.35
20230710;6;0;114.1
20230710;6;0;101.99
20230710;6;0;263.35
20230710;6;0;105.26
20230710;6;0;101.99
20230710;6;0;263.35
20230710;6;0;120.74
20230710;6;0;148.43
20230710;6;0;150.0
20230710;7;0;120.65
20230710;7;0;116.5
20230710;7;0;101.99
20230710;7;0;241.3
20230710;7;0;124.8
20230710;7;0;126.87
20230710;7;0;241.3
20230710;7;0;120.65
20230710;7;0;126.87
20230710;7;0;241.3
20230710;7;0;120.65
20230710;7;0;126.87
20230710;7;0;120.65
20230710;8;0;118.99
20230710;8;0;119.18
20230710;8;0;134.28
20230710;8;0;237.98
20230710;8;0;118.8
20230710;8;0;133.15
20230710;8;0;237.98
20230710;8;0;119.75
20230710;8;0;106.54
20230710;8;0;237.98
20230710;8;0;118.23
20230710;8;0;101.99
20230710;8;0;118.99
20230710;9;0;114.21
20230710;9;0;178.0
20230710;9;0;119.95
20230710;9;0;294.21
20230710;9;0;178.0
20230710;9;0;117.95
20230710;9;0;294.21
20230710;9;0;182.0
20230710;9;0;117.95
20230710;9;0;294.21
20230710;9;0;182.0
20230710;9;0;100.99
20230710;9;0;180.0
20230710;10;0;126.5
20230710;10;0;129.0
20230710;10;0;134.01
20230710;10;0;302.5
20230710;10;0;129.0
20230710;10;0;113.28
20230710;10;0;302.5
20230710;10;0;124.0
20230710;10;0;110.28
20230710;10;0;302.5
20230710;10;0;124.0
20230710;10;0;148.43
20230710;10;0;176.0
20230710;11;0;133.97
20230710;11;0;141.44
20230710;11;0;121.32
20230710;11;0;293.35
20230710;11;0;141.44
20230710;11;0;117.7
20230710;11;0;293.35
20230710;11;0;126.5
20230710;11;0;148.43
20230710;11;0;293.35
20230710;11;0;126.5
20230710;11;0;148.43
20230710;11;0;159.38
20230710;12;0;98.82
20230710;12;0;88.92
20230710;12;0;97.96
20230710;12;0;248.82
20230710;12;0;88.35
20230710;12;0;96.27
20230710;12;0;248.82
20230710;12;0;107.16
20230710;12;0;95.0
20230710;12;0;248.82
20230710;12;0;110.84
20230710;12;0;106.04
20230710;12;0;150.0
20230710;13;0;106.04
20230710;13;0;103.08
20230710;13;0;106.04
20230710;13;0;259.87
20230710;13;0;103.08
20230710;13;0;106.04
20230710;13;0;259.87
20230710;13;0;109.0
20230710;13;0;106.04
20230710;13;0;259.87
20230710;13;0;109.0
20230710;13;0;106.04
20230710;13;0;153.83
20230710;14;0;95.18
20230710;14;0;95.27
20230710;14;0;96.0
20230710;14;0;270.18
20230710;14;0;95.09
20230710;14;0;95.45
20230710;14;0;270.18
20230710;14;0;95.45
20230710;14;0;95.45
20230710;14;0;270.18
20230710;14;0;94.91
20230710;14;0;93.83
20230710;14;0;175.0
20230710;15;0;98.8
20230710;15;0;98.8
20230710;15;0;111.84
20230710;15;0;278.8
20230710;15;0;98.8
20230710;15;0;100.68
20230710;15;0;278.8
20230710;15;0;98.8
20230710;15;0;91.34
20230710;15;0;278.8
20230710;15;0;98.8
20230710;15;0;91.34
20230710;15;0;180.0
20230710;16;0;106.04
20230710;16;0;106.04
20230710;16;0;106.04
20230710;16;0;276.04
20230710;16;0;106.04
20230710;16;0;106.04
20230710;16;0;276.04
20230710;16;0;106.04
20230710;16;0;106.04
20230710;16;0;276.04
20230710;16;0;106.04
20230710;16;0;106.04
20230710;16;0;170.0
20230710;17;0;161.77
20230710;17;0;166.55
20230710;17;0;95.04
20230710;17;0;323.54
20230710;17;0;166.55
20230710;17;0;106.04
20230710;17;0;323.54
20230710;17;0;157.0
20230710;17;0;223.01
20230710;17;0;323.54
20230710;17;0;157.0
20230710;17;0;223.0
20230710;17;0;161.77
20230710;18;0;101.52
20230710;18;0;180.0
20230710;18;0;96.99
20230710;18;0;281.52
20230710;18;0;180.0
20230710;18;0;96.99
20230710;18;0;281.51
20230710;18;0;180.0
20230710;18;0;106.04
20230710;18;0;281.51
20230710;18;0;180.0
20230710;18;0;106.04
20230710;18;0;180.0
20230710;19;0;109.24
20230710;19;0;180.0
20230710;19;0;101.99
20230710;19;0;289.25
20230710;19;0;180.0
20230710;19;0;101.99
20230710;19;0;289.25
20230710;19;0;179.5
20230710;19;0;115.0
20230710;19;0;289.24
20230710;19;0;180.5
20230710;19;0;118.0
20230710;19;0;180.0
20230710;20;0;130.1
20230710;20;0;225.4
20230710;20;0;120.09
20230710;20;0;355.5
20230710;20;0;225.4
20230710;20;0;133.44
20230710;20;0;355.5
20230710;20;0;225.4
20230710;20;0;133.44
20230710;20;0;355.5
20230710;20;0;225.4
20230710;20;0;133.44
20230710;20;0;225.4
20230710;21;0;150.28
20230710;21;0;225.4
20230710;21;0;148.28
20230710;21;0;375.68
20230710;21;0;225.4
20230710;21;0;149.52
20230710;21;0;375.68
20230710;21;0;225.4
20230710;21;0;151.66
20230710;21;0;375.68
20230710;21;0;225.4
20230710;21;0;151.66
20230710;21;0;225.4
20230710;22;0;141.67
20230710;22;0;190.0
20230710;22;0;151.66
20230710;22;0;331.67
20230710;22;0;190.0
20230710;22;0;151.65
20230710;22;0;331.67
20230710;22;0;190.0
20230710;22;0;151.65
20230710;22;0;331.67
20230710;22;0;190.0
20230710;22;0;111.71
20230710;22;0;190.0
20230710;23;0;136.0
20230710;23;0;161.59
20230710;23;0;158.16
20230710;23;0;296.0
20230710;23;0;156.41
20230710;23;0;142.61
20230710;23;0;296.0
20230710;23;0;159.36
20230710;23;0;118.7
20230710;23;0;296.0
20230710;23;0;162.64
20230710;23;0;124.53
20230710;23;0;160.0
20230711;0;0;133.32
20230711;0;0;107.2
20230711;0;0;136.95
20230711;0;0;266.64
20230711;0;0;237.18
20230711;0;0;136.35
20230711;0;0;266.64
20230711;0;0;240.41
20230711;0;0;135.55
20230711;0;0;266.64
20230711;0;0;-51.52
20230711;0;0;124.42
20230711;0;0;133.32
20230711;1;0;125.03
20230711;1;0;158.02
20230711;1;0;136.55
20230711;1;0;250.06
20230711;1;0;140.33
20230711;1;0;135.55
20230711;1;0;250.06
20230711;1;0;94.98
20230711;1;0;116.0
20230711;1;0;250.06
20230711;1;0;106.77
20230711;1;0;112.0
20230711;1;0;125.03
20230711;2;0;128.79
20230711;2;0;128.79
20230711;2;0;265.14
20230711;2;0;128.79
20230711;2;0;264.93
20230711;2;0;128.79
20230711;2;0;264.33
20230711;2;0;128.79
20230711;2;0;107.09
20230711;3;0;110.3
20230711;3;0;110.3
20230711;3;0;120.0
20230711;3;0;230.25
20230711;3;0;110.3
20230711;3;0;112.62
20230711;3;0;230.24
20230711;3;0;110.3
20230711;3;0;104.28
20230711;3;0;230.24
20230711;3;0;110.3
20230711;3;0;104.28
20230711;3;0;119.95
20230711;4;0;101.45
20230711;4;0;102.44
20230711;4;0;101.44
20230711;4;0;216.63
20230711;4;0;97.26
20230711;4;0;101.44
20230711;4;0;216.63
20230711;4;0;114.27
20230711;4;0;101.44
20230711;4;0;216.63
20230711;4;0;91.83
20230711;4;0;101.48
20230711;4;0;115.18
20230711;5;0;117.59
20230711;5;0;139.14
20230711;5;0;117.46
20230711;5;0;235.2
20230711;5;0;139.14
20230711;5;0;117.46
20230711;5;0;235.2
20230711;5;0;96.05
20230711;5;0;118.0
20230711;5;0;235.19
20230711;5;0;96.05
20230711;5;0;117.46
20230711;5;0;117.6
20230711;6;0;112.45
20230711;6;0;160.6
20230711;6;0;113.78
20230711;6;0;225.23
20230711;6;0;121.92
20230711;6;0;113.0
20230711;6;0;225.23
20230711;6;0;83.64
20230711;6;0;111.51
20230711;6;0;225.23
20230711;6;0;83.64
20230711;6;0;111.51
20230711;6;0;112.78
20230711;7;0;111.42
20230711;7;0;97.75
20230711;7;0;119.46
20230711;7;0;266.42
20230711;7;0;97.75
20230711;7;0;119.46
20230711;7;0;266.42
20230711;7;0;116.77
20230711;7;0;105.76
20230711;7;0;266.42
20230711;7;0;133.42
20230711;7;0;101.0
20230711;7;0;155.0
20230711;8;0;108.66
20230711;8;0;142.48
20230711;8;0;136.55
20230711;8;0;253.23
20230711;8;0;122.84
20230711;8;0;118.53
20230711;8;0;253.22
20230711;8;0;108.88
20230711;8;0;94.0
20230711;8;0;253.23
20230711;8;0;60.43
20230711;8;0;85.55
20230711;8;0;144.57
20230711;9;0;108.0
20230711;9;0;108.0
20230711;9;0;131.72
20230711;9;0;268.0
20230711;9;0;108.0
20230711;9;0;110.1
20230711;9;0;268.0
20230711;9;0;108.0
20230711;9;0;105.1
20230711;9;0;268.0
20230711;9;0;108.0
20230711;9;0;85.08
20230711;9;0;160.0
20230711;10;0;107.87
20230711;10;0;140.0
20230711;10;0;112.79
20230711;10;0;267.87
20230711;10;0;140.0
20230711;10;0;112.38
20230711;10;0;267.87
20230711;10;0;140.0
20230711;10;0;105.0
20230711;10;0;267.87
20230711;10;0;140.0
20230711;10;0;101.31
20230711;10;0;160.0
20230711;11;0;111.09
20230711;11;0;129.18
20230711;11;0;99.08
20230711;11;0;271.09
20230711;11;0;129.18
20230711;11;0;99.08
20230711;11;0;271.09
20230711;11;0;1159.86
20230711;11;0;99.08
20230711;11;0;271.09
20230711;11;0;-973.86
20230711;11;0;147.12
20230711;11;0;160.0
20230711;12;0;122.57
20230711;12;0;135.0
20230711;12;0;112.79
20230711;12;0;257.57
20230711;12;0;135.0
20230711;12;0;112.79
20230711;12;0;257.57
20230711;12;0;135.0
20230711;12;0;129.44
20230711;12;0;257.57
20230711;12;0;135.0
20230711;12;0;135.26
20230711;12;0;135.0
20230711;13;0;102.01
20230711;13;0;137.86
20230711;13;0;106.38
20230711;13;0;247.01
20230711;13;0;137.86
20230711;13;0;104.63
20230711;13;0;247.01
20230711;13;0;66.16
20230711;13;0;101.14
20230711;13;0;247.01
20230711;13;0;66.16
20230711;13;0;95.89
20230711;13;0;145.0
20230711;14;0;117.38
20230711;14;0;117.25
20230711;14;0;135.55
20230711;14;0;289.38
20230711;14;0;117.25
20230711;14;0;130.01
20230711;14;0;289.38
20230711;14;0;117.52
20230711;14;0;112.79
20230711;14;0;289.38
20230711;14;0;117.52
20230711;14;0;91.17
20230711;14;0;172.0
20230711;15;0;95.47
20230711;15;0;7.19
20230711;15;0;98.38
20230711;15;0;283.48
20230711;15;0;7.19
20230711;15;0;95.83
20230711;15;0;283.47
20230711;15;0;183.76
20230711;15;0;94.73
20230711;15;0;283.48
20230711;15;0;183.76
20230711;15;0;92.96
20230711;15;0;188.0
20230711;16;0;112.79
20230711;16;0;149.0
20230711;16;0;112.79
20230711;16;0;300.79
20230711;16;0;149.0
20230711;16;0;112.79
20230711;16;0;300.79
20230711;16;0;227.0
20230711;16;0;112.79
20230711;16;0;300.79
20230711;16;0;227.0
20230711;16;0;112.79
20230711;16;0;188.0
20230711;17;0;122.18
20230711;17;0;188.0
20230711;17;0;112.79
20230711;17;0;310.18
20230711;17;0;188.0
20230711;17;0;112.79
20230711;17;0;310.18
20230711;17;0;188.0
20230711;17;0;133.13
20230711;17;0;310.18
20230711;17;0;188.0
20230711;17;0;130.01
20230711;17;0;188.0
20230711;18;0;125.71
20230711;18;0;180.0
20230711;18;0;112.79
20230711;18;0;313.7
20230711;18;0;180.0
20230711;18;0;129.44
20230711;18;0;313.71
20230711;18;0;196.0
20230711;18;0;130.58
20230711;18;0;313.7
20230711;18;0;196.0
20230711;18;0;130.01
20230711;18;0;188.0
20230711;19;0;129.98
20230711;19;0;209.92
20230711;19;0;109.93
20230711;19;0;339.98
20230711;19;0;209.92
20230711;19;0;124.44
20230711;19;0;339.98
20230711;19;0;210.08
20230711;19;0;136.45
20230711;19;0;339.98
20230711;19;0;210.08
20230711;19;0;149.1
20230711;19;0;210.0
20230711;20;0;108.76
20230711;20;0;231.08
20230711;20;0;72.09
20230711;20;0;343.56
20230711;20;0;231.08
20230711;20;0;101.0
20230711;20;0;343.56
20230711;20;0;238.53
20230711;20;0;125.6
20230711;20;0;343.56
20230711;20;0;238.53
20230711;20;0;136.35
20230711;20;0;234.8
20230711;21;0;137.29
20230711;21;0;173.54
20230711;21;0;138.32
20230711;21;0;302.43
20230711;21;0;167.02
20230711;21;0;136.95
20230711;21;0;302.43
20230711;21;0;160.0
20230711;21;0;136.95
20230711;21;0;302.44
20230711;21;0;160.0
20230711;21;0;136.95
20230711;21;0;165.14
20230711;22;0;134.3
20230711;22;0;161.73
20230711;22;0;136.75
20230711;22;0;268.6
20230711;22;0;161.73
20230711;22;0;136.35
20230711;22;0;268.6
20230711;22;0;106.87
20230711;22;0;133.65
20230711;22;0;268.6
20230711;22;0;106.87
20230711;22;0;130.45
20230711;22;0;134.3
20230711;23;0;121.74
20230711;23;0;122.61
20230711;23;0;136.15
20230711;23;0;243.48
20230711;23;0;120.87
20230711;23;0;130.94
20230711;23;0;243.48
20230711;23;0;124.71
20230711;23;0;118.86
20230711;23;0;243.48
20230711;23;0;118.76
20230711;23;0;101.0
20230711;23;0;121.74
20230712;0;0;118.11
20230712;0;0;118.33
20230712;0;0;136.35
20230712;0;0;236.22
20230712;0;0;117.88
20230712;0;0;135.0
20230712;0;0;236.22
20230712;0;0;118.8
20230712;0;0;102.61
20230712;0;0;236.22
20230712;0;0;117.42
20230712;0;0;98.47
20230712;0;0;118.11
20230712;1;0;129.24
20230712;1;0;114.07
20230712;1;0;136.75
20230712;1;0;243.24
20230712;1;0;113.93
20230712;1;0;136.35
20230712;1;0;243.24
20230712;1;0;118.54
20230712;1;0;135.55
20230712;1;0;243.24
20230712;1;0;109.46
20230712;1;0;108.31
20230712;1;0;114.0
20230712;2;0;129.99
20230712;2;0;130.12
20230712;2;0;143.35
20230712;2;0;259.98
20230712;2;0;129.86
20230712;2;0;142.55
20230712;2;0;259.98
20230712;2;0;132.9
20230712;2;0;125.75
20230712;2;0;259.98
20230712;2;0;127.08
20230712;2;0;108.31
20230712;2;0;129.99
20230712;3;0;103.41
20230712;3;0;104.54
20230712;3;0;115.11
20230712;3;0;230.27
20230712;3;0;102.27
20230712;3;0;108.31
20230712;3;0;230.27
20230712;3;0;104.41
20230712;3;0;98.1
20230712;3;0;230.27
20230712;3;0;102.41
20230712;3;0;92.1
20230712;3;0;126.86
20230712;4;0;109.23
20230712;4;0;23.32
20230712;4;0;112.0
20230712;4;0;236.09
20230712;4;0;23.32
20230712;4;0;108.31
20230712;4;0;236.09
20230712;4;0;23.32
20230712;4;0;108.31
20230712;4;0;236.09
20230712;4;0;23.32
20230712;4;0;108.31
20230712;4;0;126.86
20230712;5;0;129.98
20230712;5;0;23.52
20230712;5;0;116.81
20230712;5;0;259.98
20230712;5;0;23.52
20230712;5;0;127.56
20230712;5;0;259.98
20230712;5;0;23.52
20230712;5;0;135.55
20230712;5;0;259.98
20230712;5;0;23.52
20230712;5;0;140.0
20230712;5;0;130.0
20230712;6;0;124.89
20230712;6;0;124.89
20230712;6;0;101.0
20230712;6;0;249.78
20230712;6;0;124.89
20230712;6;0;121.67
20230712;6;0;249.78
20230712;6;0;124.89
20230712;6;0;135.55
20230712;6;0;249.78
20230712;6;0;124.89
20230712;6;0;141.35
20230712;6;0;124.89
20230712;7;0;137.25
20230712;7;0;175.4
20230712;7;0;138.35
20230712;7;0;312.65
20230712;7;0;175.4
20230712;7;0;136.15
20230712;7;0;312.65
20230712;7;0;175.4
20230712;7;0;138.35
20230712;7;0;312.65
20230712;7;0;175.4
20230712;7;0;136.15
20230712;7;0;175.4
20230712;8;0;128.68
20230712;8;0;-323.48
20230712;8;0;139.95
20230712;8;0;257.36
20230712;8;0;-297.22
20230712;8;0;138.75
20230712;8;0;257.36
20230712;8;0;294.35
20230712;8;0;136.0
20230712;8;0;257.35
20230712;8;0;841.05
20230712;8;0;100.0
20230712;8;0;128.67
20230712;9;0;111.4
20230712;9;0;-217.82
20230712;9;0;138.55
20230712;9;0;222.8
20230712;9;0;-222.3
20230712;9;0;114.33
20230712;9;0;222.81
20230712;9;0;227.3
20230712;9;0;107.18
20230712;9;0;222.8
20230712;9;0;658.43
20230712;9;0;85.55
20230712;9;0;111.4
20230712;10;0;104.48
20230712;10;0;121.04
20230712;10;0;135.55
20230712;10;0;208.96
20230712;10;0;108.31
20230712;10;0;97.37
20230712;10;0;208.96
20230712;10;0;102.7
20230712;10;0;97.36
20230712;10;0;208.95
20230712;10;0;85.86
20230712;10;0;87.63
20230712;10;0;104.48
20230712;11;0;87.5
20230712;11;0;80.18
20230712;11;0;87.14
20230712;11;0;187.85
20230712;11;0;80.18
20230712;11;0;87.15
20230712;11;0;187.85
20230712;11;0;94.82
20230712;11;0;88.56
20230712;11;0;187.85
20230712;11;0;94.82
20230712;11;0;87.15
20230712;11;0;100.35
20230712;12;0;110.34
20230712;12;0;84.88
20230712;12;0;95.31
20230712;12;0;236.7
20230712;12;0;55.68
20230712;12;0;108.31
20230712;12;0;236.7
20230712;12;0;103.41
20230712;12;0;108.31
20230712;12;0;236.7
20230712;12;0;197.4
20230712;12;0;129.44
20230712;12;0;126.36
20230712;13;0;107.56
20230712;13;0;106.81
20230712;13;0;105.31
20230712;13;0;231.56
20230712;13;0;107.81
20230712;13;0;108.31
20230712;13;0;231.56
20230712;13;0;107.81
20230712;13;0;108.31
20230712;13;0;231.56
20230712;13;0;107.81
20230712;13;0;108.31
20230712;13;0;124.0
20230712;14;0;89.52
20230712;14;0;89.52
20230712;14;0;89.52
20230712;14;0;213.0
20230712;14;0;89.52
20230712;14;0;89.52
20230712;14;0;213.0
20230712;14;0;89.52
20230712;14;0;89.52
20230712;14;0;213.0
20230712;14;0;89.52
20230712;14;0;89.52
20230712;14;0;123.48
20230712;15;0;89.52
20230712;15;0;89.75
20230712;15;0;90.22
20230712;15;0;223.71
20230712;15;0;89.75
20230712;15;0;90.22
20230712;15;0;223.71
20230712;15;0;89.41
20230712;15;0;89.18
20230712;15;0;223.71
20230712;15;0;89.17
20230712;15;0;88.46
20230712;15;0;134.19
20230712;16;0;86.75
20230712;16;0;147.76
20230712;16;0;86.75
20230712;16;0;216.12
20230712;16;0;104.74
20230712;16;0;86.75
20230712;16;0;216.12
20230712;16;0;127.92
20230712;16;0;86.75
20230712;16;0;216.12
20230712;16;0;-33.42
20230712;16;0;86.75
20230712;16;0;129.37
20230712;17;0;88.83
20230712;17;0;-434.39
20230712;17;0;89.18
20230712;17;0;207.59
20230712;17;0;-434.54
20230712;17;0;88.72
20230712;17;0;207.59
20230712;17;0;252.48
20230712;17;0;88.71
20230712;17;0;207.59
20230712;17;0;971.77
20230712;17;0;88.71
20230712;17;0;118.76
20230712;18;0;108.31
20230712;18;0;144.0
20230712;18;0;108.31
20230712;18;0;255.81
20230712;18;0;144.0
20230712;18;0;108.31
20230712;18;0;255.81
20230712;18;0;151.0
20230712;18;0;108.31
20230712;18;0;255.81
20230712;18;0;151.0
20230712;18;0;108.31
20230712;18;0;147.5
20230712;19;0;109.19
20230712;19;0;153.23
20230712;19;0;88.38
20230712;19;0;229.53
20230712;19;0;108.93
20230712;19;0;109.18
20230712;19;0;229.53
20230712;19;0;95.46
20230712;19;0;109.19
20230712;19;0;229.53
20230712;19;0;102.4
20230712;19;0;130.01
20230712;19;0;120.34
20230712;20;0;115.0
20230712;20;0;137.96
20230712;20;0;101.0
20230712;20;0;230.0
20230712;20;0;71.54
20230712;20;0;102.0
20230712;20;0;230.0
20230712;20;0;135.61
20230712;20;0;122.96
20230712;20;0;230.0
20230712;20;0;114.89
20230712;20;0;134.04
20230712;20;0;115.0
20230712;21;0;105.0
20230712;21;0;105.0
20230712;21;0;102.0
20230712;21;0;210.0
20230712;21;0;105.0
20230712;21;0;102.0
20230712;21;0;210.0
20230712;21;0;105.0
20230712;21;0;105.3
20230712;21;0;210.0
20230712;21;0;105.0
20230712;21;0;110.7
20230712;21;0;105.0
20230712;22;0;109.97
20230712;22;0;110.31
20230712;22;0;103.79
20230712;22;0;219.94
20230712;22;0;111.98
20230712;22;0;108.79
20230712;22;0;219.94
20230712;22;0;139.56
20230712;22;0;108.79
20230712;22;0;219.94
20230712;22;0;78.03
20230712;22;0;118.51
20230712;22;0;109.97
20230712;23;0;103.8
20230712;23;0;92.0
20230712;23;0;114.19
20230712;23;0;193.8
20230712;23;0;92.0
20230712;23;0;101.0
20230712;23;0;193.8
20230712;23;0;88.0
20230712;23;0;100.0
20230712;23;0;193.8
20230712;23;0;88.0
20230712;23;0;100.0
20230712;23;0;90.0
20230713;0;0;112.29
20230713;0;0;112.9
20230713;0;0;121.15
20230713;0;0;224.58
20230713;0;0;111.68
20230713;0;0;117.52
20230713;0;0;224.58
20230713;0;0;112.29
20230713;0;0;105.24
20230713;0;0;224.58
20230713;0;0;112.29
20230713;0;0;105.24
20230713;0;0;112.29
